Word,Frequency
publikacja,1
jest,43
przeznaczona,1
sprzedaży,2
smaki,4
bałtyckie,30
naturalnie,31
nieoczywiste,2
przepisy,21
ryby,26
zebrali,1
szefowie,3
kuchni,22
blogerzy,3
zespołu,1
wstęp,2
domowe,8
bałtyckich,5
polecają,2
śledziożercy,29
pasztety,10
paprykarze,11
pasty,20
smarowidła,8
pasztet,12
flądry,28
grzybami,3
lubczykiem,2
czosnkiem,3
suszonymi,3
pomidorami,2
oliwkami,2
paprykarz,3
kaszą,2
pęczak,3
orientalny,2
kuskusem,2
perłowym,2
śledziowe,9
kanapki,10
szproty,30
każdą,9
okazję,1
oleju,43
porowym,3
olejuczosnkowo,1
majerankowym,3
chili,15
mniej,9
oczywiste,8
pomysły,9
klopsiki,4
śledzia,17
marynacie,6
miodowej,2
pikantna,4
zupa,4
pomidorowa,4
klopsikami,5
soczewicy,5
śledź,4
opiekany,2
jalapeño,3
ekipy,12
pieczona,3
belona,5
olej,7
orzechów,4
laskowych,3
marynowane,3
borowiki,3
oraz,20
jabłko,5
kiszonym,4
ogórkiem,4
chrzanowy,3
zimno,3
łosoś,2
pieczony,2
miso,4
pieczone,1
kotlety,4
turbota,4
orzechowej,2
panierce,5
sałatka,3
pieczoną,2
flądrą,4
awokado,7
spaghetti,3
bajgle,3
gładzicą,2
zielonej,2
lasagne,3
szprotami,2
majonezem,7
cytrusowym,2
domowymi,2
frytkami,3
pappardelle,2
trocią,2
kurkami,5
thai,2
sandaczem,3
porady,4
kuchenne,2
obrabianie,2
filetowanie,4
rozpoznać,3
świeżą,2
rybę,29
ekipa,3
szychowski,7
pan_tasak,1
sledziozercy,2
wstępwspólnie,1
wsiedli,1
pokład,1
okrętu,1
lazurowo,1
kusową,1
banderą,1
wyruszyli,1
długą,1
podróż,4
skarbom,1
których,4
wspominają,2
legendy,1
krążące,1
skich,1
wybrzeżach,2
portach,1
wilki,1
morskie,2
przesiadujące,1
tawernach,1
świnoujścia,1
rozrzewnieniem,1
opowiadały,1
bogactwach,1
kryjących,1
binach,1
koledzy,1
odleglejszych,1
krain,1
bajali,1
wspa,1
niałościach,1
czekających,1
podróżników,1
gotowych,1
wyru,1
szyć,1
drugą,1
stronę,3
morza,5
załoga,2
statku,1
podążyła,1
tropem,1
tych,5
opowieści,1
zapis,1
wspomnień,1
program,2
finansowany,1
środ,1
unii,1
europejskiej,1
ramach,4
europejskiego,2
funduszu,2
morskiego,2
rybackiego,2
jego,5
celem,1
propagowanie,1
korzyści,1
wynikających,1
spożywania,1
nauczanie,1
odpowiedzialnym,1
korzystaniu,1
zasobów,3
bałtyku,5
tego,10
programu,2
mogliśmy,2
podzielić,2
naszymi,1
odbiorcami,1
wieloma,1
inicjatywami,1
dzięki,2
przybliżyć,2
szerokiej,1
publice,1
jakże,1
ciekawe,1
tematy,1
związane,2
bałtykiem,2
nasze,3
morze,2
choć,5
towa,1
rzyszy,1
pokoleń,1
wciąż,4
wiele,7
nieoczywistych,2
zalet,1
pomogło,1
odkryć,1
wszyst,1
kich,1
możecie,1
przeczytać,1
stronie,1
naturalniebaltyckie,2
jednak,5
wydawnictwie,1
chcielibyśmy,1
walory,2
które,11
bardziej,9
skupiają,1
kulinarnych,8
dobrodziejstwach,1
wydaliśmy,1
dwie,3
książki,3
kucharskie,2
pierwsza,2
nich,4
śledzie,18
powstała,1
współpracy,1
szczecińskim,1
klubem,1
śledziożerców,4
pasja,2
śledzi,7
2019,1
roku,10
pewnym,2
bałtyckim,2
porcie,1
tkała,1
niezwykła,1
podróżnicy,1
krywcy,1
firm,1
kosze,1
smakosze,2
życia,3
mieszanka,1
zwykła,1
która,5
czekała,1
jawi,1
niezwykłą,1
jeszcze,6
przed,5
wyruszeniem,1
postacią,1
zaowocowała,1
zebraniem,1
kilkudzie,1
sięciu,1
przepisów,6
przygotowanie,1
popularnej,1
również,6
śledziożercami,1
przygotowaliśmy,2
blikowaliśmy,1
serię,1
filmów,2
trakcie,1
odkrywa,2
niektóre,1
sami,3
mistrzowie,1
udzielają,1
sprawnie,2
poruszać,1
śledziowej,5
druga,3
książka,2
kucharska,1
była,2
owocem,1
współ,1
pracy,2
grupą,1
blogerek,1
blogerów,1
inne,1
stały,1
bazą,1
kompletnie,1
nowych,4
receptur,1
dania,4
takich,2
gatunków,2
szprot,1
flądra,2
gładzica,1
troć,2
turbot,4
dorsz,1
sandacz,1
jednym,2
członków,1
załogi,1
szychowskim,1
znanym,1
jako,6
tasak,2
ruszyliśmy,1
niemczech,1
danii,1
szwecji,1
gram,1
kuchnia,5
bałtycka,2
całości,1
dostępny,1
youtube,2
kulinarna,1
przez,31
kultury,2
krajów,1
czerpią,2
dobrodziejstw,2
odwiedziliśmy,1
niezwykle,3
interesujących,1
miejsc,1
spotkaliśmy,1
osoby,1
życie,1
nieodłącznie,1
rybami,1
kulturą,1
morską,1
wspomnienia,1
inspiracje,2
podróży,2
zaowocowały,1
powstaniem,1
propozycji,2
wita,2
niebanalne,1
potrawy,3
oddajemy,1
wasze,1
ręce,3
wydawnictwo,1
zbiera,1
sobie,5
fragmenty,2
rezultatów,1
inicjatyw,2
prze,3
pisy,1
odnośniki,1
liczymy,1
trochę,1
udzieli,1
klimat,1
skarbów,1
zapraszamy,2
lektury,1
oglądania,1
potem,5
oznaczone,1
logo,1
gwaran,1
wysokiej,3
jakości,6
stanowi,1
dzikości,1
naturalności,1
pasji,2
ludzi,4
rych,1
bałtyk,2
miłość,1
poławiane,3
poszano,1
waniem,1
dbaniem,1
zakłócać,1
natu,1
ralnej,1
równowagi,1
łowione,1
przygotowywane,1
zgodnie,1
najwyższymi,1
standardami,1
jakościowymi,1
najbardziej,2
przyjazny,1
środowiska,1
sposób,5
bliskość,1
bałtyckiego,1
sprawia,2
setek,1
naturalnym,1
źródłem,1
wszystkich,4
mieszkających,2
brzegami,1
tunki,1
morzu,2
pokonują,1
tysięcy,1
kilometrów,1
zanim,2
trafią,1
stoły,2
także,6
wyraz,1
troski,1
środowisko,1
ograniczanie,1
niepotrzebnych,1
zanie,1
czyszczeń,1
związanych,1
transportem,1
warto,3
zwrócić,2
uwagę,3
wybierając,2
produkty,2
trafiają,2
szych,1
domów,1
dieta,1
bogata,1
gwarancja,3
dobrego,1
samo,2
poczucia,1
witalności,1
dlatego,2
popularne,2
polecane,1
kuchnie,2
śródziemnomorskie,1
skandynawskie,1
pełne,1
wartości,2
odżywczych,2
krajach,2
europy,1
lecz,3
nadal,1
niedoceniane,1
polsce,3
przecież,2
naszym,1
żyją,1
dorsze,1
gate,1
selen,1
witaminę,2
zawierają,1
liczne,1
witaminy,1
grupy,1
żelazo,1
dzikie,1
łoso,1
najlepsze,2
źródło,1
kwasów,1
omega,1
witamin,1
innych,3
uznawanych,1
przysmaki,1
rarytasy,1
wielu,7
gatunki,3
bardzo,9
cenione,1
kucharzy,4
smakoszy,2
różnorodność,1
pozwala,1
zdrowe,1
odżywianie,1
eksperymenty,1
jednocześnie,1
mają,3
unikalny,1
zestaw,1
naszej,1
strefie,1
klimatycznej,1
szczególnie,2
ważne,3
tłuste,1
stanowią,2
jeden,4
niewielu,1
produktów,2
bogatych,1
której,1
niedoborem,1
zmaga,1
większość,1
polaków,1
tymczasem,1
niezbędna,1
zdrowych,1
kości,2
zębów,1
funkcjonu,1
jących,1
mięśni,2
silnego,1
układu,1
odpornościowego,1
zgodzie,1
naturą,1
masz,1
pewność,1
twój,1
stół,1
najwyższej,1
gwarantuje,1
marka,1
ciebie,1
mnóstwo,1
odpowiedzialny,1
smaczny,1
korzy,1
stać,2
obejrzyj,9
spot,1
wizerunkowy,1
śledziożercypasztety,1
filetów,9
duża,8
cebula,14
ząbki,13
czosnku,16
rzepakowego,15
śmietanki,4
suszonych,4
podgrzybków,1
bułki,13
tartej,6
pieprz,30
majeranek,4
gałka,2
muszkatowa,1
smaku,17
słoiczki,12
pojemność,6
mlgrzyby,1
moczyć,2
godzin,2
litrze,1
zimnej,2
wody,15
następnie,6
ugotować,7
wodę,3
gotowania,9
grzybów,2
zredukować,2
mililitrów,1
cebulę,18
czosnek,17
pokroić,16
grubą,7
kostkę,15
zeszklić,7
dodać,42
pokrojoną,9
dużą,2
przyprawy,13
grzyby,1
gotowaniu,1
dusić,10
minut,32
śmietankę,5
kolejne,5
bułkę,9
tartą,7
dokładnie,13
wymieszać,15
czym,13
odstawić,9
wystudzenia,9
wystudzony,3
zmielić,10
wyrobić,9
rozłożyć,8
wyjałowionych,6
słoiczków,6
typu,8
twist,6
dobrze,8
zakręcone,6
układać,3
garnku,9
wyłożonym,6
ściereczką,6
zalać,13
gotującą,6
wodą,10
słoiczka,6
gotować,15
wolnym,6
ogniu,9
przykryciem,6
czasie,9
garnek,6
zdjąć,7
ognia,6
minutach,6
słoiki,6
wyjąć,10
ustawić,6
góry,6
dnem,6
całkowitego,6
przygotowany,5
możemy,3
przechowywać,7
miesięcy,6
lodówce,13
ząbków,1
pęczek,6
lubczyku,2
mlcebulę,2
około,23
pozostały,1
drobno,17
posiekać,18
posiekany,5
lubczyk,1
pomidorów,3
oliwie,4
zielonych,1
oliwek,7
zalewy,4
pestek,1
koncentratu,4
pomidorowego,4
świeżo,27
mielony,8
oregano,1
koncentrat,4
pomidorowy,4
przesmażyć,2
wrzucić,2
patelnię,2
dołożyć,1
resztę,2
przypraw,1
oliwki,5
rozdrobnić,3
malakserze,1
pomidory,6
kaszy,3
passaty,3
pomidorowej,3
łyżeczka,17
słodkiej,2
papryki,5
cukier,5
płatki,2
smakukaszę,1
miękkości,2
posolonej,2
wodzie,4
połowie,2
passatę,2
wszystko,6
wystudzeniu,2
zmiksować,4
usmażyć,12
reszcie,2
ugotowaną,2
kaszę,2
zmiksowany,2
usmażoną,5
całość,7
schłodzić,3
8paprykarz,2
kuskus,2
perłowej,1
łyżeczki,16
mielonego,1
kminu,2
rzymskiego,2
kolendry,5
mielonej,2
curry,2
smakukuskus,1
perłowy,1
zmiskować,1
smarowidła1,2
awanturka,2
śledziowa,4
sztandarowa,1
pasta,8
jedynej,1
słusznej,1
receptury,1
podstawę,1
kultowej,1
twaróg,3
bryndza,1
wędzone,2
awanturkę,1
chyba,2
każda,3
pani,1
domu,2
przyprawiała,1
swojemu,1
gotową,2
można,18
było,4
dostać,1
garmażeryjnych,1
stoiskach,1
społemowskich,1
sklepów,2
pospolite,2
krakersy,1
nabierały,1
szyku,1
masło,8
zastosowań,1
takiego,2
masła,15
liku,1
zacząć,1
smarowania,2
grzanek,1
kieliszek,1
czegoś,1
zimnego,2
jeśli,13
idziemy,1
dalej,1
tradycją,1
wschodnią,1
odrobina,1
gorącym,1
blinie,1
czyni,1
cuda,1
zaledwie,1
początek,1
pomyślimy,1
przyprawie,1
okaże,1
niezbędny,1
nadzieniu,1
ruskich,1
pierogów,1
doprawieniu,1
zapiekanej,1
cukinii,2
gryczanej,1
jajeczna,2
śledziem,17
nowe,4
smakowe,1
otwarcie,1
pastę,4
jajeczną,2
mało,2
oprze,1
kanapce,1
takim,1
dodatkiem,1
wszyscy,1
uwielbiają,1
chociaż,1
czasami,3
niej,2
zapominają,1
prosta,3
wykonania,1
chce,2
wierzyć,1
kwadrans,1
może,3
powstać,1
smacznego,1
wędzonych,2
wędzona,1
ryba,14
uwodzi,1
smakiem,2
niejednego,1
oczywiście,2
najlepsza,1
jedzona,1
palcami,1
dopiero,3
przyniesiona,1
sklepu,2
nadmorskiej,1
budki,1
kilka,9
prostych,1
zabiegów,1
zamieni,1
doskonałą,2
posmakuje,1
bezpośrednio,1
pieczywie,2
wzbogaci,1
kanapkę,9
plastrem,2
twarogu,4
pomidora,2
smalczyk,3
śledziowy,14
propozycja,1
sybarytów,1
którzy,2
zawsze,7
przynajmniej,1
parzonej,1
szynki,2
macie,1
dzień,3
musicie,1
poczekać,1
wielkanocy,1
przepis,3
wypróbować,1
właśnie,2
pomysłu,1
będziecie,1
kupować,1
całej,1
niekrojonej,1
hummus,3
przyrządzana,1
gotowanych,1
przetartych,1
nasion,1
ciecierzycy,2
roślin,1
strączkowych,1
popularna,3
bliskim,1
wschodzie,1
afryce,1
północnej,1
znana,1
kuchniach,1
kaukaskich,1
skoro,5
lubi,5
wersję,2
śledziową,3
przyjmą,1
otwartymi,1
rękoma,1
tatar,4
maćka,2
kuronia,2
maciek,1
kuroń,3
lubił,1
wigilię,1
całe,2
święta,1
zwłaszcza,1
wpadali,1
znajomi,1
zaletą,1
prostota,1
krótki,2
czas,7
robienia,1
maciej,1
odwiedził,1
2009,2
nielicznych,1
gości,2
przyszedł,1
drewno,1
lasu,1
nosić,1
skwitował,1
uznaniem,1
zostało,2
wtedy,3
podane,1
gęsiną,2
inspirowany,2
przepisem,11
adama,2
faleńskiego,2
adam,1
wychodzi,1
pierwszym,2
razem,6
zawzięty,1
dopiąć,1
swego,1
gęsinowego,1
tatara,1
dopieszczał,1
tygodniami,1
wyszedł,1
należy,4
restaurator,1
powołania,1
zamiłowania,1
nigdy,1
traci,1
opanowania,1
nawet,13
obliczu,1
sporych,1
wyzwań,2
realizował,1
mile,1
wspomina,1
czasy,1
kiedy,3
odpowiadał,1
kulinarne,4
oblicze,1
baltic,1
herring,2
meeting,1
dzisiaj,1
szczecin,1
twarogowa,2
jajem,2
idealne,1
rozwiązanie,1
mamy,3
żadnej,1
sałatki,6
porządna,1
warstwa,1
kromce,1
ulubionego,1
pieczywa,1
spokojnie,1
przeglądnąć,1
książkę,1
śledziowego,1
obiad,2
zapas,3
sałatkę,2
powinna,5
bryndzy,1
duży,1
pikling,2
łyżka,19
posiekanego,2
szczypiorku,3
posypania,1
gotowej,1
oczyszczonego,1
piklinga,2
maszynce,2
mięsa,5
podawać,10
posypaną,1
siekanym,1
szczypiorkiem,2
postało,1
porządne,1
trzeba,9
stosować,1
proporcje,2
słony,1
filet,9
kostki,1
blendera,2
wstępnie,1
pokrojonego,1
nieodmoczonego,1
niech,2
nieco,3
zblenduje,1
dodawać,1
małych,2
kawałkach,1
gdyby,1
ciepłe,1
powstanie,1
czyste,1
doprawić,19
kaparami,2
zielonym,1
pieprzem,21
ostrymi,1
papryczkami,1
świetnie,1
przechowuje,1
jajka,7
solonych,2
śledziowych,2
mała,3
pokrojona,1
łyżki,26
majonezu,7
musztardy,1
odmoczyć,4
twardo,4
szczypiorek,3
cebulkę,2
gotowane,1
majonez,3
musztardą,1
przyprawami,1
lodówki,4
duże,6
ugotowane,5
półtwardo,1
dymki,1
obrane,1
zblendować,2
jajami,1
dymkę,1
ziarnami,2
kupicie,1
wyjątkowo,1
ładną,2
parzoną,1
szynkę,1
odkrójcie,1
proszę,1
tłuszczyk,1
zróbcie,1
unikatowy,1
lepiej,3
odmaczać,1
delikatnie,5
wniosą,2
smalczyku,1
odpowiednią,1
słoność,2
według,1
własnego,1
uznania,1
dużo,2
słoninę,1
utrzeć,1
posiekaną,5
cebulą,6
ktoś,1
majerankiem,2
smarowidła6,2
odsączona,1
puszka,2
tahini,1
ziaren,3
sezamu,3
soku,6
cytryny,10
oliwy,11
kuminu,1
zmielony,8
obranego,1
wyczyszczonego,1
ości,9
resztą,1
składników,3
gładką,2
masę,7
solą,23
cebuli,10
ocet,4
odmoczone,1
jaja,2
skroić,2
drobną,2
składniki,5
zmieszać,2
ostrożnie,2
odrobiną,2
octu,5
cukru,7
gęsiej,1
piersi,1
skóry,7
solone,3
filety,15
jabłka,2
przepiórczych,1
oliwa,1
cytryna,1
balsamiczny,1
suszony,1
gęsiny,1
posolić,2
odłożyć,1
godzinę,1
balsamicznego,1
suszonego,1
majeranku,2
szczypty,1
zrobić,4
marynatę,1
gęsinę,2
zanurzyć,2
skropić,2
sokiem,4
osączeniu,1
zemleć,1
posiekane,2
formować,2
klasyczne,1
tatary,1
małe,3
zagłębienie,1
włożyć,3
przepiórcze,1
żółtko,1
udekorować,3
cząstką,1
chudego,1
konserwowy,2
ogórek,5
małej,3
rzodkiewki,2
grubo,1
dość,1
kosteczkę,2
rozgnieść,1
widelcem,2
pozostałe,1
norweskie,2
białe,4
noce,2
czerwcu,1
norwegii,1
słońce,2
ogóle,1
zachodzi,2
spać,1
chętnie,2
sięga,1
czerwonym,2
akcentem,2
przypominającym,1
zawieszone,1
horyzontem,1
choćby,2
łatwiej,2
odszukać,1
stole,1
kanapka,10
sałatką,4
jeść,2
pieczywem,1
pieczywo,1
ustanowili,1
cieszą,1
taką,2
kanapką,1
wersji,2
street,2
food,2
podrasować,1
boczku,4
wziąć,2
rękę,2
posilać,1
spacerując,1
submarine,2
bismarckami,2
dobrodziejstwo,1
wynalezienia,1
bismarcków,1
przecenienia,1
błyskawicznej,1
naciąć,1
wzdłuż,4
bismarcki,3
domknąć,3
wypadły,1
posmarować,12
rolmopsy,1
tylko,10
uważać,1
ochlapać,1
fińska,2
łaziebna,2
finowie,1
zaraz,2
saunie,1
potrzebują,1
uzupełnić,1
organizmie,1
sole,1
mineralne,1
doskonałym,1
kompletnym,1
rozwiązaniem,2
zrelaksowani,1
potrafią,2
robić,1
kunsztowne,1
dozą,1
wyobraźni,1
używają,1
szczecińskie,2
klimaty,2
autorzy,2
pochodzą,1
szczecina,1
odżegnują,1
słynnej,1
owskiej,1
puszki,3
zwykłą,1
paprykarzem,1
postanowili,1
wzmocnić,1
śledziowym,1
wraca,1
łask,1
odkąd,1
wszedł,1
kart,1
sporej,1
ilości,4
restauracji,4
robi,1
niego,1
moda,1
halina,2
druskiennikach,2
litewskich,1
barach,1
ciesząca,1
niesłabnącym,1
powodzeniem,1
litwini,1
docenić,2
sąsiedztwo,1
bogactwa,1
pełną,1
garścią,1
dokładając,1
element,1
ziemi,1
postaci,2
warzyw,1
solanka,2
szczecińska,3
tomacie,2
szczecinie,2
słona,1
bułka,3
pasowała,1
flaków,1
połączenie,1
kawałami,1
wydaje,1
smaczniejszym,1
solanki,4
przywraca,1
śledziom,1
morski,1
charakter,1
cieszyńska,2
społem,1
cieszynie,1
założone,1
1920,1
dokładna,1
data,1
powstania,3
pierwszej,1
pozostaje,1
tajemnicą,1
najstarsi,1
cieszynianie,1
pewno,1
były,1
robione,1
1946,1
przyjmuje,1
zatem,1
lata,2
ubiegłego,1
wieku,2
sklepach,1
cieszyńskie,1
pojawiają,2
latach,1
rosnąca,1
popularność,1
przekroczyła,1
najśmielsze,1
oczekiwania,1
spółdzielców,1
dziś,2
mieszkańców,1
miasta,1
wyobraża,1
tygodnia,1
dnia,2
ulubionej,1
turyści,1
chcą,1
skosztować,1
jednego,2
każdego,1
znika,2
tysiąca,1
sztuk,1
kanapek,1
czasem,1
zdąży,1
kupić,2
decyduje,1
zasada,1
pierwszy,1
lepszy,1
przyrządzane,1
dniu,2
świeże,3
smaczne,2
kołobrzeska,4
wędzonym,3
kołobrzegu,1
ujęcie,1
zdrowej,2
oprócz,1
kuracjuszy,1
który,4
raczą,1
korzystają,1
producenci,1
kiszonych,1
ogórków,2
słynnych,1
całą,4
polskę,2
właściwie,4
powinno,5
zapisywać,1
kuracji,1
norweską,1
fińską,1
litewską,1
skomponowała,1
para,1
dziennikarzy,1
adrianna,1
stawska,1
paweł,1
loroch,1
sięgnęli,1
tradycji,1
doświadczeń,1
narodów,1
swoje,7
przyjacielsku,1
przekazali,1
śledziożercom,1
smarowidła12,1
kromka,2
chleba,4
żytniego,3
marynowanej,1
pieczonej,1
marynowanego,2
chleb,3
masłem,5
paprykę,3
ozdobić,4
kawałkiem,1
połówką,1
maślane,1
wybranego,1
plastry,6
usmażonego,1
wędzonego,1
chrupiąco,1
rozkroić,4
każdej,2
połówce,1
położyć,1
kopiastą,1
łyżkę,1
połową,2
plastra,1
chrupiącego,1
podłużna,1
opcjonalnie,1
rozciąć,1
ułożyć,15
pozbawione,1
sznurka,1
razowego,1
urobionego,1
śmietaną,1
odmoczony,1
podzielony,1
kawałki,5
marynowanych,2
kaparów,1
krążków,1
rozsmarować,2
twarożek,1
przykryć,3
piklami,1
posypać,4
krążkami,1
kromki,4
pszenno,1
paprykarza,2
szczecińskiego,1
kiszony,1
nałożyć,1
słuszne,1
porcje,2
łyżeczce,1
86312,1
9754,1
pajda,1
czarnego,1
wypiekanego,1
tataraku,1
plasterków,1
buraczków,1
słonecznikowego,1
plasterki,3
ogórka,5
talarki,1
białej,2
buraczki,1
układanymi,1
przemian,3
plasterkami,1
czyli,1
miękkie,1
podłużne,1
posypane,1
pieczenia,7
pomidorach,1
czerwona,3
marynowana,1
papryka,2
słoika,1
odjąć,1
sosu,8
średnią,1
sosem,5
obłożyć,2
papryką,1
wrocławskiej,1
jabłkowego,1
dobrej,2
jajko,7
posiekana,2
natka,2
pietruszki,4
domowego,1
cząstki,2
octem,3
winnym,1
olejem,5
polać,1
jabłkowym,1
wrocławską,1
skosem,1
odpowiednie,1
kromkach,1
piklowaną,1
cebulką,1
wyciśniętym,1
tutki,1
natką,1
grahamki,1
wędzony,1
kiszone,1
ogórki,1
kołobrzeskie,1
doprawionego,1
łyżką,1
siekanego,3
obrać,2
plastrami,1
kiszonego,2
okazjęolej,3
porowy,2
pora,3
zielone,1
części,4
płaska,5
soli,3
szprotów,6
biała,2
część,1
mąki,6
pszennej,4
smażenia,9
mlolej,3
pory,3
podgrzać,1
temperatury,2
stopni,10
celsjusza,5
trzymać,2
przecedzić,3
gęste,1
sito,2
gazę,2
schłodzeniu,1
zdekantować,1
wypatroszyć,4
zostawiając,3
głowy,7
umyć,4
osuszyć,4
oprószyć,5
mąką,6
smażyć,5
złoty,6
kolor,7
półplasterki,1
zblanszować,1
usmażone,5
zblanszowane,1
gotujemy,2
przygotowane,3
czosnkowo,4
majerankowy,2
szprotek,2
podgrzewać,3
temperaturze,3
papryczki,3
wystudzić,3
okazjęmniej,1
rybyklopsiki,3
tuszek,2
średnia,3
gałki,5
muszkatołowej,4
mąka,2
obtoczenia,2
klopsików,2
marynata,4
miodowa,4
spirytusowego,2
miodu,3
kwiatowego,1
gorczycy,2
listki,2
laurowe,3
ziela,3
angielskiego,3
marchewki,3
soliklopsiki,1
wyfiletować,3
pozbawić,2
podsmażoną,5
maśle,6
jajkiem,4
bułką,4
gałką,3
muszkatową,3
kulki,3
wadze,3
gramów,3
obtoczyć,2
mące,2
głębokim,1
tłuszczu,2
mocno,1
brązowy,1
zagotować,5
marchew,3
wystudzonej,1
rozprowadzić,1
miód,1
zimne,2
przełożyć,3
miski,3
wystudzoną,2
marynatą,2
warzywami,2
sztuki,2
płetwy,3
filetowaniu,2
litry,1
pietruszka,1
mały,2
kawałek,2
selera,1
liście,2
kulek,1
płatków,1
koperku,5
smakuklopsiki,2
flądrę,2
zostawić,2
wywaru,1
zupę,2
uformować,3
blaszce,3
wyłożonej,3
papierem,2
piec,6
piekarniku,2
nagrzanym,2
garnka,1
zimną,1
pozostałości,3
seler,1
pietruszkę,1
liść,1
laurowy,1
ziele,1
angielskie,1
małym,3
godziny,1
wywar,1
połączyć,3
passatą,1
pomidorową,1
warzywa,3
przetrzeć,1
gorącymi,2
posiekanym,2
koperkiem,2
czerwonej,2
bulionu,1
warzywnego,1
mleka,2
kokosowego,1
cukinia,1
korzenia,1
imbiru,2
kurkumy,1
muszkatowej,1
cukinię,1
imbir,2
zetrzeć,1
tarce,2
rondlu,1
podsmażyć,5
minuty,5
starty,1
imbirem,1
chwilę,4
wypłukaną,1
soczewicę,1
bulionem,1
mleko,1
kokosowe,1
upieczone,1
zamieszać,3
kolendrą,1
rybyśledź,1
jalapeno,1
soliśledź,1
zmielonym,4
rozgrzanym,6
papryczkę,1
wystudzone,1
rybyziemniaki,1
zapiekane,2
tutaj,8
zapiekanek,1
świecie,3
milion,1
pięćset,1
dziewięćset,1
wykorzystujemy,1
przyprawę,1
nadającą,1
zapiekance,1
sens,1
ziemniaki,3
ładunek,1
sytości,1
kurki,2
porcję,2
atrakcyjności,1
owszem,1
zastąpić,1
innymi,2
powiedzcie,1
głos,1
czyż,1
brzmi,1
ekstra,1
andruty,4
chcemy,2
kogoś,1
wprawić,1
osłupienie,1
takie,3
nadają,1
najlepiej,2
widzieliśmy,1
nikogo,1
rozglądając,1
dookoła,2
sięgnąłby,1
kolejny,2
dziecinnie,1
przekąska,1
warunek,1
smakowało,1
zachwycająco,1
nadziewać,1
podaniem,1
dobre,2
samą,2
trzy,3
ruchy,1
gotowe,1
bobem,1
ciężko,1
śledziach,3
uchwycić,1
sezonowość,2
zadanie,1
rybaków,1
kupują,1
ograć,1
dodatkami,1
taki,3
moment,1
nowalijkach,1
wcale,1
naturalnych,1
nadchodzi,1
sezon,1
autentyczny,1
póki,1
bobu,1
szklarni,1
marek,1
sztark,1
zainspirował,1
uwielbia,6
strączkowe,1
stwierdził,1
ziemniak,1
zbyt,1
wniesie,1
sytej,1
powiew,1
świeżości,2
zieloności,1
docenią,1
każdy,3
pomysł,2
dobrym,3
pomysłem,1
50hd,6
rybyfish,1
chips,2
turbotem,1
bałytcka,3
fish,1
sztandarowe,1
danie,4
brytyjskiej,1
spotkać,1
spróbowaliśmy,1
szwedzkiej,1
przy,5
okazji,2
spotkania,1
malmö,1
powrocie,1
polski,2
przygotował,2
swoją,2
pigwą,1
wędrówka,1
śladami,1
bałtyckiej,1
zaprowadziła,1
trop,1
przepisu,1
liczącego,1
ponad,7
bismarck,1
duma,1
pewnej,3
stralsundzkiej,1
firmy,1
mógł,1
przypatrzeć,1
procesowi,1
powstawania,1
przysmaku,1
zainspirowało,1
przygotowania,2
własnej,1
smażony,1
puree,1
groszkiem,2
ostatnie,2
inspirowane,1
podróżą,1
międzynarodowych,1
koniec,2
wpadł,1
spotkaniu,1
malowniczo,1
położonej,1
skanii,1
trafi,1
talerzu,1
spotka,1
smakowite,1
dodatki,1
ryby03,1
wypatroszona,1
tartego,1
chrzanu,1
śmietany,1
ząbek,1
połowy,1
gałązek,2
dekoracjiustawić,1
piekarnik,2
natrzeć,1
środka,3
papierze,2
swoim,3
kształtem,1
przypominała,1
podkowę,1
wstawić,1
nagrzanego,1
piekarnika,2
centymetrową,1
wysokiego,1
naczynia,2
chrzan,1
gładki,2
talerz,2
środek,1
talerza,1
wlać,2
poprzednim,1
kroku,2
gałązkami,1
całymi,1
marynowanymi,1
borowikami,1
fileta,4
łososia,2
gryczanego,1
białego,1
cebulka,1
dymka,1
teriyaki,2
podania,1
upieczeniułososia,1
usunąć,4
resztki,1
mieszanką,1
wierzchu,1
sezamem,2
rozgrzać,3
stopniach,2
włączyć,1
grillem,1
gorąco,1
4łosoś,1
inspirowani,9
joanny,2
matyjek,3
kajzerka,1
łupanych,1
włoskich,1
szklanka,1
namoczenia,1
muszkatołowa,1
smakurybę,1
mniejsze,2
namoczyć,1
mleku,1
odcisnąć,1
pokrojone,3
odciśniętą,1
koperek,1
orzechy,1
uprażyć,1
suchej,1
patelni,10
masy,1
rybnej,2
cztery,2
owalnym,1
kształcie,1
grubości,1
centymetra,1
wypanierować,1
posiekanych,1
orzechach,1
zwilżyć,1
oliwą,1
młodymi,1
ziemniakami,1
glazurowaną,1
marchewką,1
cukrowym,1
4pieczone,1
agaty,1
witowskiej,1
klarowanego,1
oprószenia,2
sałata,1
rzymska,1
mini,1
pomidor,2
czarnych,3
drylowanych,1
extra,4
virgin,4
smakufilety,2
pestkę,1
przekroić,3
rozgrzanej,1
grillowej,1
połówki,1
oliwę,3
półmisku,1
sałaty,1
rzymskiej,1
grillowane,1
czarne,1
skropioną,1
2sałatka,1
anny,2
kołakowskiej,1
makaronu,7
liści,1
szpinaku,1
szalotka,1
papryczka,1
szczypta,1
mielonym,6
makaron,7
dente,2
dużej,3
wrzącej,2
osolonej,4
szalotkę,1
szpinak,2
straci,1
objętość,1
gałkę,1
muszkatołową,1
wcześniej,3
doprawionej,1
zredukuje,1
4spaghetti,1
justyny,1
ratajczak,2
gładzicy,1
czerstwej,1
natki,1
tatarskiego,1
kiszonej,1
kapusty,4
smakuczerstwą,1
mikserze,1
natkę,1
miksować,1
otrzymania,1
konsystencji,2
powstałą,1
panierką,1
pergaminem,1
panierka,1
zarumieni,1
tatarskim,1
połówkę,1
dolnej,1
bajgla,2
kiszoną,1
kapustę,2
upieczoną,1
górną,1
2bajgle,1
kosterny,1
kaczmarek,2
usmażenia,1
płaty,1
pomidorków,1
koktajlowych,1
dojrzałe,1
malinowe,2
garść,1
cebulki,1
smakupłaty,1
zahartować,2
przekrojone,2
pomidorki,2
koktajlowe,1
zaczną,1
puszczać,1
starte,1
grubej,1
przygotowanym,1
sosie,1
krótko,2
wyłożyć,1
sprawione,1
wyserwowanym,1
makaronie,1
listkami,2
4lasagne,1
alicji,1
jurkowskiej,1
limonki,3
pomarańczy,4
otarta,1
skórka,1
frytek,2
smakuziemniaki,1
grube,1
słupki,1
cukrem,1
frytki,1
odcedzić,2
wysuszyć,1
ręczniku,1
papierowym,2
dwukrotnie,1
małymi,1
porcjami,1
najpierw,1
drugi,1
momentu,1
zrumienienia,1
oprószone,1
otartą,1
skórkę,1
uwagi,1
wybieramy,1
mączyste,1
zawartości,1
skrobi,1
między,1
4szproty,1
troci,1
kurek,3
gałązki,1
smakutroć,1
samej,2
oczyszczone,1
papardele,1
razy,2
patelnią,1
okleiło,1
2pappardelle,1
klaudii,1
cessak,2
sandacza,1
ryżowego,1
wstążki,1
roślinnego,1
choi,3
sojowego,1
prażonego,1
rybnego,1
ostrygowego,1
tamaryndowej,1
brązowego,1
sriracha,1
ryżowy,1
wszystkie,2
miseczce,1
niewielkie,1
wrzątkiem,1
zmiękły,1
odsączyć,1
sparzone,1
podlać,1
sojowym,1
wykładać,1
prażonym,1
4pad,1
gosi,1
bałtyckie04,1
kuchennesprawianie,1
świeżej,1
wbrew,1
pozorom,1
trudnym,1
zadaniem,1
nabrać,1
wprawy,1
przedstawiamy,1
przewodnik,2
przygo,1
tować,1
krok,1
obmyj,1
połóż,2
desce,1
usuń,2
łuski,1
szybkim,1
ruchem,2
przesuwając,1
nożem,1
ogona,4
kierunku,2
włos,1
łuskę,1
ślizgała,1
przytrzymać,1
ręcznikiem,1
włóż,2
dolną,1
płetwę,1
odetnij,1
powtórz,2
pozo,1
stałymi,1
wypatrosz,1
ostry,1
wbij,1
brzuch,2
okolice,1
uszkodzić,1
wnętrzności,2
rozetnij,2
dłoń,1
ciągnąc,1
natnij,1
skrzelami,1
skosie,1
kręgosłupa,2
wykorzystując,1
zrobione,1
nacięcie,1
punkt,1
początkowy,1
grzbietu,1
prowadząc,1
powoli,1
płasko,1
kręgosłupie,1
drugim,3
kiem,1
taka,1
potrzeba,1
oczyść,1
zostałości,1
wnętrznościach,2
powyciągaj,1
pęsetą,1
chcesz,1
skórę,2
skórą,1
dołu,1
zacznij,1
odcinać,1
ogonie,1
lekko,3
przechylo,1
ostrzem,1
noża,2
dodatkowe,1
wskazówki,1
myjesz,1
sprawianiem,1
filetowaniem,1
użyj,1
ciepła,1
otwiera,1
skórze,2
spowoduje,1
dłonie,1
przesiąkną,1
zapachem,1
charakterystyczny,1
zapach,6
dłoni,1
deski,1
krojenia,1
przetnij,1
cytrynę,1
wysmarują,1
powierzchnię,1
którą,1
chodzi,1
świeża,6
spędzić,1
więcej,2
szczelnie,1
zamkniętym,1
pojemniku,1
intensywność,1
zapachu,1
godzisz,1
skrapiając,1
słodkim,1
mlekiem,1
głowę,1
ogon,1
kręgosłup,3
zachować,1
korzystać,1
przyrządzenia,1
zupy,1
50hdoto,1
nasza,1
checklista,1
zabierz,1
wykorzystaj,1
posiada,3
charakterystycz,1
własny,1
morskiej,1
oczy,3
przejrzyste,1
błyszczących,1
wyraźnie,2
zazna,1
czonych,1
źrenicach,1
skrzela,1
czerwone,1
jasno,1
ciemnoróżowe,1
plam,2
śluzu,1
skóra,4
lśniąca,2
śliska,1
uszkodzeń,1
przylegają,2
cymi,1
łuskami,1
mięso,4
sprężyste,2
elastyczne,1
naciśnięciu,1
powin,1
powrotem,1
napiąć,1
kupujesz,1
wypatroszoną,1
zajrzyj,1
przylegać,1
rozchyleniu,1
test,1
włożymy,1
zatonie,1
nieświeża,1
zostanie,1
powierzch,1
głodnych,1
wiedzy,1
dodatkowa,1
porcja,1
infor,1
macji,1
złowioną,1
łatwo,1
dzieć,1
sprawdzić,1
oceniając,1
zwracamy,1
aspekty,1
naturalne,2
sprężystość,2
świeżość,3
wady,1
wraz,1
nieświeżo,1
ścią,1
bądźmy,1
indiański,1
odczytujmy,1
obróbka,1
odciska,1
piętno,1
rybie,1
szczególnych,1
elementach,1
zdać,1
sprawę,1
sprawy,1
smak,3
zabiegamy,1
zatrucia,1
cała,1
reszta,1
leży,2
naszych,1
upodobań,1
smakowo,1
odpowiadają,1
umiejętności,2
lubimy,1
skrobać,1
patroszyć,1
wyciągać,1
jedzenia,4
przyrządzimy,1
sklepie,2
najczęściej,1
zdarza,1
ręki,1
gruntownie,1
ocenić,2
takiej,1
oceny,1
musimy,1
dokonać,1
niejako,1
odległości,1
szybę,1
widzimy,1
powie,1
stanie,1
odmrażana,1
wypukłe,2
świecące,1
odmrożona,1
będzie,3
miała,1
wypu,1
kłego,1
zapadłe,1
mętne,2
wyraźnym,1
ostrzeżeniem,2
sprawa,1
naprężona,1
więc,3
zapadająca,1
zapadanie,1
mówi,1
naturalnego,1
napięcia,1
oznaka,2
nieświeżości,1
obszary,1
przesuszenia,1
lśniącymi,1
wygląda,1
ochronny,2
wzór,2
wojskowym,1
ubraniu,1
dobry,2
znak,1
zazwy,1
czaj,1
naturalny,1
śluz,1
dobra,1
łuska,1
cienką,1
warstwę,1
wyfiletowana,1
trudno,1
wzrokowo,1
zazwyczaj,2
spodem,1
najlepszym,1
sygnałem,1
ułożenie,1
lodzie,2
filetu,1
napięcie,1
mięśniowe,1
układa,2
zachowuje,1
swój,1
jakby,1
indywidulany,1
kształt,2
przyjmować,1
wyginać,1
wąskie,1
końcówki,1
mogą,1
plastyczne,1
główny,1
korpus,1
miękki,1
materiał,2
dużym,1
normą,1
zaku,1
usługą,1
sprawiania,1
skrobania,1
patroszenia,1
filetowania,1
sprzedający,1
spyta,1
rzecz,1
jasna,1
mrożone,1
mrożenie,2
efektywnych,1
metod,1
utrwalania,1
żywności,1
wyniku,1
czego,2
następuje,1
zahamo,1
wanie,2
procesów,1
mikrobiologicznych,1
enzymatycz,1
nych,2
biochemicznych,1
powodujących,1
znaczne,1
obniżenie,1
bezpieczeństwa,1
warunkach,1
przemysłowych,1
przeprowa,1
różnych,1
typach,1
urządzeń,1
instalacji,1
kuchennesposób,1
możliwie,1
szybko,2
został,2
przekroczony,1
zakres,1
którym,1
krystalizacji,1
ulega,1
zawartej,1
produkcie,1
zwykle,1
tuszki,1
szybciej,1
tracą,1
odżywcze,1
żywność,1
mrożona,1
reak,1
enzymatyczne,1
utlenianie,1
lipidów,1
cały,1
zacho,1
wpływ,1
rozwój,1
mikroflory,1
bakte,1
ryjnej,1
chłodzonych,1
produktach,1
wolniej,1
bakterie,1
namnażają,1
wniosek,1
powinien,3
zamrażanie,1
jedynie,1
niewielki,1
zmienić,2
wartość,1
odżywczą,1
duktów,1
spożywczych,1
powlekać,1
ważającej,1
większości,1
lodu,1
żadnym,1
przypadku,1
poza,2
wystawać,1
zupełnie,1
dyskwalifikują,1
przesu,1
szone,1
zażółcone,1
barwa,1
różowa,1
jasnoczerwona,1
pomarańczowa,1
charakterystyczna,1
danego,3
gatunku,3
naszą,1
ostrzec,1
zakupem,1
zmiana,1
barwy,1
właściwej,1
brak,1
połysku,1
pojawienie,1
rozmrożeniu,1
łagodny,1
przyjemny,1
zbliżo,1
melona,1
wodorostów,1
swoisty,2
kwaśny,1
gnilny,1
obcy,1
związków,1
micznych,1
dyskwalifikuje,3
produkt,3
tekstura,1
soczystość,1
włóknista,1
zwarte,1
warstwień,1
kruche,1
soczyste,1
odkształcenie,1
ucisku,1
palcem,1
grzbietowej,1
tkanka,1
mięsna,1
mazista,1
wysu,1
szona,1
rozluźniona,1
rozwarstwienia,1
zostaje,1
kształcenie,1
nacisku,1
gorzka,1
zjeł,1
czała,1
kwaśna,1
zrezygnujmy,1
pęka,1
próbie,1
oderwania,1
nadaje,1
wygląd,1
prawidłową,1
budowę,1
umięśnienie,1
linia,1
cięć,1
gładka,1
wysusz,1
powierzchniowa,1
zajmuje,1
proc,1
wierzchni,1
zabarwienie,1
połysk,1
opalizuje,1
błyszczące,1
obecność,1
pasożytów,1
uszkodzenia,1
powłok,1
zewnętrznych,1
zadrapania,1
uszko,1
dzenia,1
odbarwienia,1
plamy,1
zmato,1
wienia,1
głęboka,1
wysuszka,1
odwodnienie,1
tkanki,1
mięsnej,1
utrata,1
elastyczności,1
wklęsłe,1
pleszko,1
zeszyty,1
naukowe,1
akademii,1
skiej,1
50hdporady,1
kuchenne05,1
bałtyckieekipa,1
szef,2
letnim,1
doświadczeniem,1
karierę,1
zawodową,1
rozpoczynał,1
najniższych,1
szczebli,1
czele,1
oryginalnych,1
młodym,1
wyjechał,1
barcelony,1
gdzie,10
zdobył,1
europejskie,1
fundamenty,1
dalszego,1
rozwoju,1
kucharz,1
nietypowym,1
podejściem,1
rozpoznawalnym,1
stylem,1
pracować,1
otwartej,1
jedzenie,2
gościom,1
stołu,1
2015,1
współtworzył,1
prowadził,2
kuchnię,2
soul,1
kitchen,2
bistro,1
poznać,1
szerszej,1
warszawskiej,2
publiczności,1
restauracja,3
stolicy,1
profilu,1
bistronomia,1
serwująca,1
proste,1
przystępnych,1
cenach,1
otwierał,1
restaurację,1
florentin,1
warszawa,1
lokalu,1
awiwie,1
nietypowy,1
koncept,1
szefował,1
marokańskim,1
szefem,1
abdelem,1
eckem,1
prezentował,1
państwa,1
kręglickich,1
opasły,1
nocnego,1
marketu,1
foodowe,1
przyciągały,1
tłumy,1
2017,2
wygrał,1
warszawskim,1
plebiscycie,1
warsaw,1
foodie,1
zaproszony,1
udziału,1
programie,1
chef,1
polska,1
doszedł,1
ćwierćfinału,1
zyskał,1
rzeszę,1
wiernych,1
fanów,1
koncie,2
dwadzieś,1
autorskich,2
warsztatów,1
studio,1
grzegorza,1
łapanowskiego,1
kolacji,1
europie,1
zapraszany,1
gotował,1
berlinie,1
polish,1
thursday,1
dinners,1
zurychu,1
zampano,1
lyonie,1
konsulacie,1
generalnym,1
przygotowywał,1
burmistrza,1
lyonu,1
tworzy,1
magazynu,1
kulinarnego,2
kukbuk,1
komponuje,1
menu,1
prowadzi,6
szkolenia,1
towania,1
terenie,1
obecnie,1
ekspertów,1
projektu,2
gospoda,1
rzem,1
programów,1
pan_tasakszymon,1
burzyński,2
nauki,1
pobierał,1
krakowskim,1
technikum,1
gastronomicz,1
odona,1
bujwida,1
szkoły,2
zwią,1
zany,1
krakowską,1
restauracją,1
bottigliera,1
1881,1
2020,1
dumną,1
posiadaczką,1
gwiazdki,1
przewodniku,1
michelina,1
szymon,2
ambitnie,1
kolekcjonuje,1
trofea,1
konkursach,2
otwarty,2
doświadczenia,1
współpracę,1
książce,2
tomie,1
młody,1
zdolny,1
ambitny,1
kreatywny,1
naukę,1
rozpiera,1
energia,1
brze,1
daje,2
upust,1
andrzej,3
szylar,3
gieno,3
mientkiewicz,3
filary,1
klubu,1
obaj,2
skończyli,1
szczecińską,1
szkołę,2
gastronomiczną,1
współpracują,1
sobą,1
kilkudziesięciu,1
oznacza,1
gastro,2
historię,1
wspólnych,1
konceptów,1
gastronomicznych,1
kultowy,1
kabarecie,1
krypcie,1
animatorzy,1
lewe,1
prawa,1
ręka,1
dymnalii,1
zawołani,1
performerzy,1
tańczący,1
przykład,1
jezioro,1
łabędzie,1
scenie,1
podczas,2
gali,1
prowadzonej,1
stanisława,1
tyma,1
wystawiający,1
własne,2
przedstawienie,1
przeglądu,1
teatrów,1
form,1
trapunkt,1
uznanej,1
kręgach,1
wadzący,1
nietuzinkowy,1
kanał,1
nazwie,1
jakżeby,1
inaczej,1
filip,2
suski,2
pochodzi,1
bielska,1
skończył,1
gastrono,1
miczną,1
miłośnik,1
sportu,1
sportowego,1
obuwia,1
traktuje,1
odpowiednim,1
dystansem,1
jedzeniem,2
przeje,1
dzie,1
widywano,1
wzruszonego,1
pięknym,1
daniem,1
potrafi,2
kunszt,1
kulinarny,2
gotuje,1
krakowie,1
inspiracji,2
szuka,1
wszędzie,1
przyłożył,1
książek,1
rybach,1
poprzedniej,1
wrodzony,1
talent,1
zarządzania,1
zespołem,1
wyciągnąć,1
skrywane,1
pokłady,1
kreacji,1
zdolni,1
siebie,1
nieformalna,1
grupa,3
pasjonatów,1
herbie,1
kochają,1
szalony,1
droższy,1
sercu,1
2001,1
spotykają,1
regularnie,1
miesiącach,1
literkę,1
lutym,1
lipcu,1
listopadzie,1
matecznikiem,1
kuncu,1
korytarza,1
odbywają,1
biesiady,1
inspirują,1
eksperymentów,1
kolacje,1
zapraszają,1
całego,1
serca,1
życzymy,1
anna,3
kołakowska,1
gotuje_bo_lubie_fit,1
dziecka,1
lubiła,1
krzątać,1
babci,2
pomagała,1
lepić,1
pierogi,1
mamą,2
przygotowywała,1
niedzielny,1
ciocią,1
robiła,1
pyszne,3
faworki,1
dostała,1
studia,2
kierunek,1
technologia,1
żywie,1
ostatecznie,1
wybrała,1
rachunkow,1
podróżować,1
granicą,1
poznawać,1
różnorodne,2
otwarta,1
kochająca,1
mama,2
siostra,1
kilku,1
bloga,3
profil,2
instagramie,2
rozwija,1
pasje,2
dzieli,3
przepisami,3
szerszą,1
licznością,1
justyna,1
tysiagotuje,1
sieci,1
działa,2
dzieląc,1
autorskimi,1
poradami,1
kulinarnymi,1
gotowanie,3
takt,1
człowiekiem,1
związku,1
przestrzeni,1
czasu,1
pasję,1
rodziła,1
pracę,1
zorientowała,1
przyjem,1
ność,1
innym,1
osobom,1
postanowi,1
oddać,1
temu,1
reszty,1
radość,1
energię,1
stara,1
przekazać,1
swoich,1
przepisach,1
spędzony,1
forma,1
odkrywania,1
bawienia,1
aromatem,1
swoimi,1
zachęca,1
wspólnego,1
czerpania,1
satysfakcji,1
alicja,1
jurkowska,1
warszawskismak,1
kulinarno,1
podróżniczą,1
blogerką,1
wyjątkowe,1
miejsca,1
odwiedzonych,1
państw,1
zliczoną,1
ilość,1
swojej,1
przemyca,1
nudy,2
życiu,1
założyciel,1
jednych,1
pierwszych,1
targów,1
kuli,1
narnych,1
warszawie,1
związana,1
lokalnymi,1
producentami,1
zawartych,1
dostarczyły,1
miłośniczki,1
kulinarnej,1
prowadzą,1
blogi,1
profile,1
mediach,2
społecznościowych,2
inna,1
ulubione,1
sprawdzone,1
tajemnice,1
łączy,1
chęć,1
odsłonięcia,1
sympatykami,1
dzielenia,1
przyjemnością,1
przygotowywania,1
potraw,2
poznajcie,1
grażyna,2
gajakuron,1
certyfikowany,1
trzeciego,1
stopnia,1
zawodowo,1
dietetyk,1
charz,1
firmie,1
kuroniowie,1
aktywnie,1
warsztaty,2
uczestniczy,1
jury,1
pozytywną,1
energią,1
wiedzą,2
tajników,1
gastronomi,1
uczestniczka,2
edycji,1
masterchefa,1
casting,1
kuch,1
boscha,1
wielokrotny,1
kulinar,1
gość,1
autorka,1
cyklu,1
super,1
expressu,1
zwolenniczka,1
zabawy,1
chudzania,1
polskich,1
kosterna,1
czosnekwpomidorach,1
gastronomii,1
zaczęło,1
gotowa,1
szkoliła,1
najlepszych,1
pozna,1
strony,1
równi,1
stawia,1
wino,1
zwiedzać,1
winnice,1
zgłębiać,1
wiedzę,1
trunkach,1
ukocha,1
bąbelkach,1
często,1
winem,1
pracuje,1
zajmując,1
marketingiem,1
social,1
mediami,1
prywatnie,2
żona,1
trój,1
dzieci,1
gosia,1
gohfitfan,1
absolwentka,1
głównej,1
gospodarstwa,1
wiejskiego,1
studiowała,1
wydziale,1
nauk,1
żywieniu,1
człowieka,1
konsultacji,1
technolog,1
żywienia,1
zamiłowaniem,1
testowania,1
próbowania,1
pisania,1
społeczno,1
ściowych,1
doświadcze,1
niem,1
obserwatorami,1
profili,1
zdrowy,1
tywny,1
styl,1
biegi,1
przeszkodami,1
główne,1
wolną,1
spędza,1
tworząc,1
smaków,1
joanna,2
odczarujgary_studio,1
rodowita,1
szczecinianka,1
kocha,2
warszawę,1
stała,1
pracą,1
efekty,1
podziwiać,1
studiu,1
odczaruj,1
gary,1
rodowitą,1
szcze,1
ciniankę,1
przystało,1
świnoujście,1
spędzała,1
dzieciństwie,1
każde,1
wakacje,1
przysmakiem,1
smażona,1
tworzyć,1
pięknie,1
wplata,1
fotograficzne,1
kadry,1
agata,1
witowska,1
kulinarne_przygody_gatity,1
czuła,1
eksperymentować,1
kombinować,1
blogu,1
znajdzie,1
prostą,1
zdrową,1
smaczną,1
zarów,1
polską,1
egzotyczną,1
publikowany,1
osobiście,1
wypróbowała,1
sfotografowała,1
opisa,1
kobietą,1
pracującą,1
żoną,1
dwóch,1
dorosłych,1
córek,1
szczęśliwą,1
rodzinę,1
uzupełniają,1
kotki,1
pies,1
wykształcenia,1
iberystka,1
zakochana,1
hiszpanii,1
klaudia,1
zdrowakaloria,1
ukończyła,1
tytułem,1
magistra,1
dietetyki,1
uniwersytecie,1
medycznym,1
collegium,1
medicum,1
ludwika,1
rydy,1
giera,1
bydgoszczy,1
pokazuje,1
łatwy,1
prosty,1
nawyki,1
żywieniowe,1
pasjonatka,1
aktywnego,1
trybu,1
długie,1
przejażdżki,1
rowerze,1
ciągle,1
musi,1
ruchu,1
znosi,1
ceni,1
szybkość,1
organizację,1
uważa,1
idealnym,1
sposobem,1
odstreso,1
ciężkim,1
lepszego,1
obiadek,1
współfinansowany,1
unię,1
europejską,1
środków,1
operacyjnego,1
rybactwo,1
morzewydawca,1
producentów,2
węgorzowa,1
kołobrzeg,1
2020opracowanie,1
asystenci,1
adrian,1
haczek,1
patryk,1
kołecki,1
wojciech,2
mąkosa,1
opracowanie,1
pozostałych,1
tekstów,1
aleksander,4
adamski,4
jacek,1
okraska,1
konceptlab,5
stylizacja,1
zdjęcia,2
odczarujgary,1
radwański,1
ra2nski,1
projekt,1
graficzny,1
skład,1
dymel,1
piotrowska,1
korekta,1
krystyna,1
kaźmierowska,1
pietroń,1
pixoworks,1
koordynacja,1
